<?xml version="1.0" encoding="UTF-8"?>
<files>
  <file name="State Dept cable 1974-225751.djvu" source="derivative">
    <format>DjVu</format>
    <original>State Dept cable 1974-225751_djvu.xml</original>
    <mtime>1456007832</mtime>
    <size>15466</size>
    <md5>42132a7d343a7eaae5b26232949070c3</md5>
    <crc32>da0d76f3</crc32>
    <sha1>a18fe54742a973ff78ba7f08ae36a4bf500fc806</sha1>
  </file>
  <file name="State Dept cable 1974-225751.gif" source="derivative">
    <format>Animated GIF</format>
    <original>State Dept cable 1974-225751_jp2.zip</original>
    <mtime>1456007802</mtime>
    <size>4129</size>
    <md5>5655f589e0b627c5f8a4af834f938e51</md5>
    <crc32>f1d8e1f9</crc32>
    <sha1>b06db2692a9ab538d9bfb5c1d9ab70488c1701e7</sha1>
  </file>
  <file name="State Dept cable 1974-225751.pdf" source="original">
    <mtime>1456007773</mtime>
    <size>3058</size>
    <md5>ab8be348b675dde85cd2c4d225ab9680</md5>
    <crc32>c379254e</crc32>
    <sha1>e34438960e235311f8ce462d3c1bd890cf70638b</sha1>
    <format>Text PDF</format>
  </file>
  <file name="State Dept cable 1974-225751_abbyy.gz" source="derivative">
    <format>Abbyy GZ</format>
    <original>State Dept cable 1974-225751_jp2.zip</original>
    <mtime>1456007816</mtime>
    <size>33134</size>
    <md5>484c7f117c6f8de7e26754438b0f6e20</md5>
    <crc32>2f7392b2</crc32>
    <sha1>c5d341516752aafff44f7ebbe000d14a9d7559bd</sha1>
  </file>
  <file name="State Dept cable 1974-225751_djvu.txt" source="derivative">
    <format>DjVuTXT</format>
    <original>State Dept cable 1974-225751_djvu.xml</original>
    <mtime>1456007834</mtime>
    <size>2554</size>
    <md5>5989fb90d2469ca8902fb89d2c3b0f22</md5>
    <crc32>16214939</crc32>
    <sha1>ebce83a870da4f46fd4757245786783be57e12a0</sha1>
  </file>
  <file name="State Dept cable 1974-225751_djvu.xml" source="derivative">
    <format>Djvu XML</format>
    <original>State Dept cable 1974-225751_abbyy.gz</original>
    <mtime>1456007823</mtime>
    <size>20817</size>
    <md5>3741f1241ccb100d14c1f721122a985d</md5>
    <crc32>b82aad33</crc32>
    <sha1>7110099a2343c0edd74bcb17e6145bcfb52feb9f</sha1>
  </file>
  <file name="State Dept cable 1974-225751_jp2.zip" source="derivative">
    <format>Single Page Processed JP2 ZIP</format>
    <original>State Dept cable 1974-225751.pdf</original>
    <mtime>1456007795</mtime>
    <size>428815</size>
    <md5>3741ae01ea05433dba4ae3aca1aac10d</md5>
    <crc32>f5cc87e3</crc32>
    <sha1>91fc5b90404327be3dfc086d2c194140281502b5</sha1>
    <filecount>2</filecount>
  </file>
  <file name="State Dept cable 1974-225751_scandata.xml" source="derivative">
    <format>Scandata</format>
    <original>State Dept cable 1974-225751_djvu.xml</original>
    <mtime>1456007833</mtime>
    <size>836</size>
    <md5>f85743cf6456c96be6a8e23d47716bdd</md5>
    <crc32>29f28655</crc32>
    <sha1>702e823a140955660665fa45c8a4279ed34b00e9</sha1>
  </file>
  <file name="State-Dept-cable-1974-225751_archive.torrent" source="metadata">
    <btih>cebfa21bd75b3db9bd62785089a3b2029fd5522f</btih>
    <mtime>1483006717</mtime>
    <size>3134</size>
    <md5>62591fe9739b7812bb835b36afc03ddb</md5>
    <crc32>76b4c0c8</crc32>
    <sha1>b6436fab51dbc0c5949f1280da8e7a8fbca30ee9</sha1>
    <format>Archive BitTorrent</format>
  </file>
  <file name="State-Dept-cable-1974-225751_files.xml" source="original">
    <format>Metadata</format>
    <md5>cc60fdeacc0dc857befa20f2fe496fa2</md5>
    <summation>md5</summation>
  </file>
  <file name="State-Dept-cable-1974-225751_meta.sqlite" source="original">
    <mtime>1462489090</mtime>
    <size>9216</size>
    <format>Metadata</format>
    <md5>0aeca5f6d05469f6a5147ce52fd049b6</md5>
    <crc32>fc112fc3</crc32>
    <sha1>60609b653dfb634146d020bc55f3e19c1d5b0bc2</sha1>
  </file>
  <file name="State-Dept-cable-1974-225751_meta.xml" source="original">
    <mtime>1483006715</mtime>
    <size>1203</size>
    <format>Metadata</format>
    <md5>577295c81e53a00a3c8e416798398367</md5>
    <crc32>872306bf</crc32>
    <sha1>fa3def7f0ec5888baceebe7f8db89bf39d93197d</sha1>
  </file>
  <file name="__ia_thumb.jpg" source="original">
    <mtime>1711913847</mtime>
    <size>1718</size>
    <md5>fd43d4d5a76c66a515302263be440e55</md5>
    <crc32>75e79bea</crc32>
    <sha1>5fc67423d4a1d09b54cc449b1c033e539251dcd4</sha1>
    <format>Item Tile</format>
  </file>
</files>
