<?xml version="1.0" encoding="UTF-8"?>
<metadata>
  <identifier>State-Dept-cable-1974-225751</identifier>
  <collection>state-department</collection>
  <contributor>Michael Best</contributor>
  <creator>State Department</creator>
  <date>1974</date>
  <description>State Dept cable 1974-225751</description>
  <language>eng</language>
  <mediatype>texts</mediatype>
  <title>State Dept cable 1974-225751</title>
  <subject>State Department</subject>
  <subject>Department of State</subject>
  <subject>Diplomatic Cables</subject>
  <subject>Diplomatic</subject>
  <subject>Foreign relations</subject>
  <subject>Foreign policy</subject>
  <subject>Diplomacy</subject>
  <publicdate>2016-02-20 22:36:13</publicdate>
  <uploader>TheMikeBest@gmail.com</uploader>
  <addeddate>2016-02-20 22:36:13</addeddate>
  <collection>nationalsecurityarchive</collection>
  <collection>additional_collections</collection>
  <identifier-access>http://archive.org/details/State-Dept-cable-1974-225751</identifier-access>
  <identifier-ark>ark:/13960/t0qr91m6p</identifier-ark>
  <ppi>300</ppi>
  <ocr>ABBYY FineReader 11.0</ocr>
  <repub_state>4</repub_state>
  <backup_location>ia906100_22</backup_location>
</metadata>
