<?xml version="1.0" encoding="UTF-8"?>
<metadata>
  <identifier>guide-to-le-processing-all-1-1-2_copy</identifier>
  <mediatype>data</mediatype>
  <collection>opensource_media</collection>
  <creator>GOD FIRST JOHN</creator>
  <date>2025-02-08</date>
  <description>GOD FIRST: godfirstjohnjames@gmail.com &lt;div&gt;The LORD is my shepherd; I shall not want.&lt;/div&gt;&lt;div&gt;&lt;br /&gt;&lt;/div&gt;&lt;div&gt;He maketh me to lie down in green pastures: he leadeth me beside the still waters.&lt;/div&gt;&lt;div&gt;&lt;br /&gt;&lt;/div&gt;&lt;div&gt;He restoreth my soul: he leadeth me in the paths of righteousness for his name's sake.&lt;/div&gt;&lt;div&gt;&lt;br /&gt;&lt;/div&gt;&lt;div&gt;Yea, though I walk through the valley of the shadow of death, I will fear no evil: for thou art with me; thy rod and thy staff they comfort me.&lt;/div&gt;&lt;div&gt;&lt;br /&gt;&lt;/div&gt;&lt;div&gt;Thou preparest a table before me in the presence of mine enemies: thou anointest my head with oil; my cup runneth over.&lt;/div&gt;&lt;div&gt;&lt;br /&gt;&lt;/div&gt;&lt;div&gt;Surely goodness and mercy shall follow me all the days of my life: and I will dwell in the house of the LORD for ever.&lt;br /&gt;&lt;div&gt;&lt;br /&gt;&lt;/div&gt;&lt;/div&gt;</description>
  <language>eng</language>
  <licenseurl>https://creativecommons.org/licenses/by-nc-sa/4.0/</licenseurl>
  <scanner>Internet Archive HTML5 Uploader 1.7.0</scanner>
  <subject>UK</subject>
  <title>guide-to-le-processing-all-1-1-2_copy</title>
  <uploader>godfirstjohnjames@gmail.com</uploader>
  <publicdate>2025-02-08 02:46:18</publicdate>
  <addeddate>2025-02-08 02:46:18</addeddate>
</metadata>
