<?xml version="1.0" encoding="UTF-8"?>
<files>
  <file name="Exhibit_B_Nonprofessional_and_Metered_Usage_Addendum_Electronic_Exinity_0_copy.pdf" source="original">
    <mtime>1738982831</mtime>
    <size>236968</size>
    <md5>1f9f9676ff074f0ff6ee267173c36e89</md5>
    <crc32>175cdc55</crc32>
    <sha1>0bbad8eb23d27a8fb482c679bd5cb9ac3f6dacf9</sha1>
    <format>Text PDF</format>
  </file>
  <file name="FXTM-ts-and-cs-29-oct_copy.pdf" source="original">
    <mtime>1738982760</mtime>
    <size>900894</size>
    <md5>12b2b7ece2bf3a81d699a4312d1faf27</md5>
    <crc32>8f2b4db2</crc32>
    <sha1>356e454312e2ef19a1e3c4f46ae5f577223f60c2</sha1>
    <format>Text PDF</format>
  </file>
  <file name="FXTM_Terms-of-Business_November2023_copy.pdf" source="original">
    <mtime>1738982827</mtime>
    <size>395693</size>
    <md5>46862586b0fa77954e2865f9617d2441</md5>
    <crc32>7ed4119e</crc32>
    <sha1>81c9006d834588beedd719e3f1346b7f8b2ddea1</sha1>
    <format>Text PDF</format>
  </file>
  <file name="acceptable-use-policy_copy.pdf" source="original">
    <mtime>1738982851</mtime>
    <size>229895</size>
    <md5>392b16dc24a0f98a0b8cd316f3e80d5a</md5>
    <crc32>f3fc7c1f</crc32>
    <sha1>f44b864cd9be87640f1cfe9ae29949ed9a9f3fc7</sha1>
    <format>Text PDF</format>
  </file>
  <file name="guide-to-le-processing-all-1-1-2_copy.pdf" source="original">
    <mtime>1738982809</mtime>
    <size>4018974</size>
    <md5>054235d595e26c75b4fba8da6755548d</md5>
    <crc32>1c56acd4</crc32>
    <sha1>45a3c688f8b163c4949b875961ba61e0be580cbe</sha1>
    <format>Text PDF</format>
  </file>
  <file name="guide-to-le-processing-all-1-1-2_copy_archive.torrent" source="metadata">
    <btih>be6403a77de2e181320d39ccadb58d6302a0bf55</btih>
    <mtime>1738982913</mtime>
    <size>4971</size>
    <md5>805ad7b7c79388bf1f8f47de3e75a9dc</md5>
    <crc32>517b1d0c</crc32>
    <sha1>b646dadbdbeb90915c760c00be24c2f0335dc142</sha1>
    <format>Archive BitTorrent</format>
  </file>
  <file name="guide-to-le-processing-all-1-1-2_copy_files.xml" source="original">
    <format>Metadata</format>
    <md5>4946edecbb7dbd69743c161bd492efe8</md5>
    <summation>md5</summation>
  </file>
  <file name="guide-to-le-processing-all-1-1-2_copy_meta.sqlite" source="original">
    <mtime>1738982874</mtime>
    <size>81920</size>
    <md5>ccc5483dd9d6fbb3bb2b7f708353359f</md5>
    <crc32>d47d235b</crc32>
    <sha1>e107031e69acf3d49675d711d01e6b78fd08cf1c</sha1>
    <format>Metadata</format>
  </file>
  <file name="guide-to-le-processing-all-1-1-2_copy_meta.xml" source="original">
    <mtime>1738982778</mtime>
    <size>1669</size>
    <md5>22403b676eadd9951d00f06538c4892d</md5>
    <crc32>570b436a</crc32>
    <sha1>8cceb396b657843832e62c346ce157c59b7c8e38</sha1>
    <format>Metadata</format>
  </file>
  <file name="psa-short-form-outside-us-can-244_copy.pdf" source="original">
    <mtime>1738982823</mtime>
    <size>180915</size>
    <md5>4162d1de79576a89902e5023580b2670</md5>
    <crc32>02e0f365</crc32>
    <sha1>57ea49144deacf61b54cb4283d9942df479290b8</sha1>
    <format>Text PDF</format>
  </file>
  <file name="talent-management-product-terms_copy.pdf" source="original">
    <mtime>1738982860</mtime>
    <size>217885</size>
    <md5>7ff690f3cbc051c5c34d493a1b19bbbb</md5>
    <crc32>7e8aa5b1</crc32>
    <sha1>ff67786f240aaf03e4af8145a5d80e74a3406ad2</sha1>
    <format>Text PDF</format>
  </file>
  <file name="the-national-archives-jobs-privacy-notice_copy.pdf" source="original">
    <mtime>1738982839</mtime>
    <size>210045</size>
    <md5>85e3225b886848c782e750ff18f6a668</md5>
    <crc32>bbbe3067</crc32>
    <sha1>89f5a767d9ed30168b5e91c3a33bd4f0a1e240ab</sha1>
    <format>Text PDF</format>
  </file>
  <file name="the-right-of-access-part-3-of-the-dpa-2018-1-1-2_copy.pdf" source="original">
    <mtime>1738982857</mtime>
    <size>106428</size>
    <md5>201a848f7e557a916b0cee08300dccb0</md5>
    <crc32>5c8a9ecd</crc32>
    <sha1>d90906a4fb409870073bf8e8e94040a513820383</sha1>
    <format>Text PDF</format>
  </file>
  <file name="umsa-customers-eu-mex-v246_copy.pdf" source="original">
    <mtime>1738982781</mtime>
    <size>245211</size>
    <md5>e77e3a410396c72de0efa21c200c9db3</md5>
    <crc32>30ae4546</crc32>
    <sha1>8faa3bffb78d38afd69959d74bfde006816c7f36</sha1>
    <format>Text PDF</format>
  </file>
  <file name="umsa-customers-uk-ir-apj-excl-australia-v243_copy.pdf" source="original">
    <mtime>1738982835</mtime>
    <size>211320</size>
    <md5>2517fd1c929fee4b30d6f53facf986fc</md5>
    <crc32>010b12bf</crc32>
    <sha1>cb0b71c295857204062c3f30cf15b60d5c18a676</sha1>
    <format>Text PDF</format>
  </file>
  <file name="vndly-product-terms_copy.pdf" source="original">
    <mtime>1738982871</mtime>
    <size>203332</size>
    <md5>d8f4b9e8cec3b1b0b6bb6a250587d299</md5>
    <crc32>a775f4f2</crc32>
    <sha1>c652dd83bc354221ff32d5248c1fa913de2a97e4</sha1>
    <format>Text PDF</format>
  </file>
  <file name="workday-business-associate-exhibit_copy.pdf" source="original">
    <mtime>1738982844</mtime>
    <size>121910</size>
    <md5>31a6c075d9514964be7b57b13a8ca41b</md5>
    <crc32>5dff11b7</crc32>
    <sha1>308606913ffd4e439c4004e2e98a5e9b22fd32a8</sha1>
    <format>Text PDF</format>
  </file>
  <file name="workday-universal-security-exhibit_copy.pdf" source="original">
    <mtime>1738982813</mtime>
    <size>118951</size>
    <md5>6aa1d67ea36a1dbe9b0ed728bc952d37</md5>
    <crc32>140ba07c</crc32>
    <sha1>b651699a8927e68fd470de060b5ce300419383f7</sha1>
    <format>Text PDF</format>
  </file>
  <file name="workforce-management-product-terms_copy.pdf" source="original">
    <mtime>1738982864</mtime>
    <size>216191</size>
    <md5>edf8a9e0a8735a6ca4db32393e8fdb40</md5>
    <crc32>cf2c9cff</crc32>
    <sha1>180afe823404a8d73407f3bb79fbf9345ea59664</sha1>
    <format>Text PDF</format>
  </file>
</files>
