<?xml version="1.0" encoding="UTF-8"?>
<files>
  <file name="Live _250207_225751.pptx" source="original">
    <mtime>1738969533</mtime>
    <size>7459369</size>
    <md5>c12572763b59ae9399c9fc698353b19f</md5>
    <crc32>10ae839a</crc32>
    <sha1>8dad8f743754f19fbfbbabda74b2e5b5b5298292</sha1>
    <format>Powerpoint</format>
  </file>
  <file name="live-250207-225751_archive.torrent" source="metadata">
    <btih>6f6e6b1b2637d4e27b7aa24f4a784d1f101aca5a</btih>
    <mtime>1738969575</mtime>
    <size>1995</size>
    <md5>93f56095e7e20cd6a3878c92615fa37a</md5>
    <crc32>f0461469</crc32>
    <sha1>9eb4aa21ad3081fe3f3ceef7cafbaa3852eda4ed</sha1>
    <format>Archive BitTorrent</format>
  </file>
  <file name="live-250207-225751_files.xml" source="original">
    <format>Metadata</format>
    <md5>249dad7d4a1237baa4f5b694db35609a</md5>
    <summation>md5</summation>
  </file>
  <file name="live-250207-225751_meta.sqlite" source="original">
    <mtime>1738969572</mtime>
    <size>20480</size>
    <md5>042ac0f1ff46a6ac902bce471e8f577d</md5>
    <crc32>c50a7837</crc32>
    <sha1>c8e9e43e7433774c10d0b660ab79850a5544b818</sha1>
    <format>Metadata</format>
  </file>
  <file name="live-250207-225751_meta.xml" source="original">
    <mtime>1738969557</mtime>
    <size>1715</size>
    <md5>084e484b4723c738804cd67583c33652</md5>
    <crc32>2fd48bc4</crc32>
    <sha1>b2729c49508185f57673023b6e6535421c5a2160</sha1>
    <format>Metadata</format>
  </file>
</files>
