<?xml version="1.0" encoding="UTF-8"?>
<metadata>
  <identifier>live-250207-225751</identifier>
  <mediatype>data</mediatype>
  <collection>opensource_media</collection>
  <creator>GOD-FIRST-JOHN-JAMES</creator>
  <date>2025-01-08</date>
  <description>THE MORE THE MERRIER&lt;div&gt;&lt;br /&gt;&lt;/div&gt;&lt;div&gt;Memorise:&lt;/div&gt;&lt;div&gt;&lt;br /&gt;&lt;/div&gt;&lt;div&gt;How should one chase a thousand, and two put ten thousand to flight, except their Rock had sold them, and the Lord had shut them up?&lt;/div&gt;&lt;div&gt;&lt;br /&gt;&lt;/div&gt;&lt;div&gt;Deuteronomy 32:30&lt;/div&gt;&lt;div&gt;&lt;br /&gt;&lt;/div&gt;&lt;div&gt;Read:&lt;/div&gt;&lt;div&gt;&lt;br /&gt;&lt;/div&gt;&lt;div&gt;Ecclesiastes 4:9-12&lt;/div&gt;&lt;div&gt;&lt;br /&gt;&lt;/div&gt;&lt;div&gt;BIBLE INA YEAR&lt;/div&gt;&lt;div&gt;&lt;br /&gt;&lt;/div&gt;&lt;div&gt;Bible in one year:&lt;/div&gt;&lt;div&gt;&lt;br /&gt;&lt;/div&gt;&lt;div&gt;Judges 9-10&lt;/div&gt;&lt;div&gt;&lt;br /&gt;&lt;/div&gt;&lt;div&gt;Hymn 4&lt;/div&gt;&lt;div&gt;&lt;br /&gt;&lt;/div&gt;&lt;div&gt;To The Work! To The Work! We Are Servants Of God&lt;/div&gt;&lt;div&gt;&lt;br /&gt;&lt;/div&gt;&lt;div&gt;Action Point:&lt;/div&gt;&lt;div&gt;&lt;br /&gt;&lt;/div&gt;&lt;div&gt;Make it a point of duty to preach the gospel to at least one person every day.&lt;/div&gt;</description>
  <licenseurl>https://creativecommons.org/licenses/by-nc-sa/4.0/</licenseurl>
  <scanner>Internet Archive HTML5 Uploader 1.7.0</scanner>
  <subject>Holy Spirit</subject>
  <title>Live 250207 225751</title>
  <uploader>godfirstjohnjames@gmail.com</uploader>
  <publicdate>2025-02-07 23:05:57</publicdate>
  <addeddate>2025-02-07 23:05:57</addeddate>
</metadata>
