<?xml version="1.0" encoding="UTF-8"?>
<files>
  <file name="State Dept cable 1976-225751.pdf" source="original">
    <mtime>1498943722</mtime>
    <size>2993</size>
    <md5>b5124478b65ae36a45a3e46f78f713e0</md5>
    <crc32>bcdbbb58</crc32>
    <sha1>b34a42383da33ec1ae710129bb89ad39ac7d4143</sha1>
    <format>Text PDF</format>
  </file>
  <file name="State Dept cable 1976-225751_abbyy.gz" source="derivative">
    <format>Abbyy GZ</format>
    <original>State Dept cable 1976-225751_jp2.zip</original>
    <mtime>1500242166</mtime>
    <size>33011</size>
    <md5>a6f26c8f8f453c75267e11b08dc3cfb7</md5>
    <crc32>c86fc27d</crc32>
    <sha1>288baf975e6857c5632141419da934616e5e6601</sha1>
  </file>
  <file name="State Dept cable 1976-225751_djvu.txt" source="derivative">
    <format>DjVuTXT</format>
    <original>State Dept cable 1976-225751_djvu.xml</original>
    <mtime>1500242171</mtime>
    <size>2545</size>
    <md5>30f30c2b5d0835791d77b6b86f63728c</md5>
    <crc32>06373d0a</crc32>
    <sha1>bb04d5d0da17e5ff8367b16fb3f0e79d85539b09</sha1>
  </file>
  <file name="State Dept cable 1976-225751_djvu.xml" source="derivative">
    <format>Djvu XML</format>
    <original>State Dept cable 1976-225751_abbyy.gz</original>
    <mtime>1500242169</mtime>
    <size>21067</size>
    <md5>b9a09c474abb57879df5e842c51ba499</md5>
    <crc32>4b9fd82a</crc32>
    <sha1>be68a5aac99a5b9cf691452aa220818fdee47cff</sha1>
  </file>
  <file name="State Dept cable 1976-225751_jp2.zip" source="derivative">
    <format>Single Page Processed JP2 ZIP</format>
    <original>State Dept cable 1976-225751.pdf</original>
    <mtime>1500242157</mtime>
    <size>424789</size>
    <md5>fb0c64e18f37cf13b52474841ae1e80a</md5>
    <crc32>90b85efd</crc32>
    <sha1>d1368f53169c7c311676092c8734cd120087510a</sha1>
    <filecount>2</filecount>
  </file>
  <file name="State Dept cable 1976-225751_scandata.xml" source="derivative">
    <format>Scandata</format>
    <original>State Dept cable 1976-225751_djvu.xml</original>
    <mtime>1500242172</mtime>
    <size>833</size>
    <md5>89e13b6ae6807c1bec1193e52f7b5a5c</md5>
    <crc32>111f756e</crc32>
    <sha1>5742c48e70fe75041c2e1412a337a8eb4a8c5a0f</sha1>
  </file>
  <file name="StateDeptcable1976-225751_archive.torrent" source="metadata">
    <btih>b0085fc85963dcad965dd57324f1e1360ac1ea12</btih>
    <mtime>1534559374</mtime>
    <size>2873</size>
    <md5>ee03d924bb127692d8c1e447c565b1ab</md5>
    <crc32>9625cb08</crc32>
    <sha1>25faab324628021394f51969d6acb6e3acb2214b</sha1>
    <format>Archive BitTorrent</format>
  </file>
  <file name="StateDeptcable1976-225751_files.xml" source="original">
    <format>Metadata</format>
    <md5>5b18e393ac922f9aa7c84c7216e35be0</md5>
    <summation>md5</summation>
  </file>
  <file name="StateDeptcable1976-225751_meta.sqlite" source="original">
    <mtime>1498943735</mtime>
    <size>8192</size>
    <md5>4399cfa9e2f3d28179b75127ab6acf6e</md5>
    <crc32>9b349be2</crc32>
    <sha1>0f10a3ce4d22de865ec38a12b2e31e02f627ee08</sha1>
    <format>Metadata</format>
  </file>
  <file name="StateDeptcable1976-225751_meta.xml" source="original">
    <mtime>1534559371</mtime>
    <size>901</size>
    <format>Metadata</format>
    <md5>5921d3928b942dde1fce1de27c84c8ac</md5>
    <crc32>09981b57</crc32>
    <sha1>91c6c9e8e29758a4258846504dca857585ebf49e</sha1>
  </file>
  <file name="__ia_thumb.jpg" source="original">
    <mtime>1534559374</mtime>
    <size>1751</size>
    <md5>2779b0f486d6eb78a97632c27e963634</md5>
    <crc32>706b0092</crc32>
    <sha1>a15105405d2f486beb398b75e3786464ba823feb</sha1>
    <format>Item Tile</format>
    <rotation>0</rotation>
  </file>
</files>
