<?xml version="1.0" encoding="UTF-8"?>
<metadata>
  <identifier>StateDeptcable1976-225751</identifier>
  <collection>state-department</collection>
  <date>1976</date>
  <mediatype>texts</mediatype>
  <scanner>Internet Archive Python library 1.0.9</scanner>
  <collection>nationalsecurityarchive</collection>
  <publicdate>2017-07-01 21:15:22</publicdate>
  <title>StateDeptcable1976-225751</title>
  <uploader>TheMikeBest@gmail.com</uploader>
  <addeddate>2017-07-01 21:15:22</addeddate>
  <collection>additional_collections</collection>
  <language>English</language>
  <identifier-access>http://archive.org/details/StateDeptcable1976-225751</identifier-access>
  <identifier-ark>ark:/13960/t12p0xm2s</identifier-ark>
  <ppi>300</ppi>
  <ocr>ABBYY FineReader 11.0</ocr>
  <repub_state>4</repub_state>
  <contributor>Emma Best</contributor>
  <backup_location>ia906408_5</backup_location>
</metadata>
