<?xml version="1.0" encoding="UTF-8"?>
<metadata>
  <identifier>icla_20250214</identifier>
  <mediatype>data</mediatype>
  <collection>opensource_media</collection>
  <creator>GOD-FIRST-JOHN-JAMES</creator>
  <date>2025-02-14</date>
  <description>https://lists.apache.org/oauth.html</description>
  <language>eng</language>
  <licenseurl>https://creativecommons.org/licenses/by-nc-sa/4.0/</licenseurl>
  <scanner>Internet Archive HTML5 Uploader 1.7.0</scanner>
  <subject>Apache</subject>
  <title>icla</title>
  <uploader>godfirstjohnjames@gmail.com</uploader>
  <publicdate>2025-02-14 00:41:25</publicdate>
  <addeddate>2025-02-14 00:41:25</addeddate>
</metadata>
