<?xml version="1.0" encoding="UTF-8"?>
<files>
  <file name="icla.pdf" source="original">
    <mtime>1739493690</mtime>
    <size>53966</size>
    <md5>d22ff71b6d2767aab0660101d251fdb0</md5>
    <crc32>b491d442</crc32>
    <sha1>e7f8d1cd816abb6a75e033c1c781c81fddfe0154</sha1>
    <format>Text PDF</format>
  </file>
  <file name="icla_20250214_archive.torrent" source="metadata">
    <btih>4023793ed3e8352be3616c4cf206cbc1c65548e2</btih>
    <mtime>1739493732</mtime>
    <size>2013</size>
    <md5>dcb714290253e6291afcbfe3d25ddd8d</md5>
    <crc32>767cc344</crc32>
    <sha1>85e3b1689d1ada8bfaad23fcb7c59e26dd127ee5</sha1>
    <format>Archive BitTorrent</format>
  </file>
  <file name="icla_20250214_files.xml" source="original">
    <format>Metadata</format>
    <md5>bc36c3fae427efa49ddaa76b4ad2e0a3</md5>
    <summation>md5</summation>
  </file>
  <file name="icla_20250214_meta.sqlite" source="original">
    <mtime>1739493698</mtime>
    <size>28672</size>
    <md5>a4a46c6e8f0c3efaed614a63fd41bdae</md5>
    <crc32>232d5d72</crc32>
    <sha1>34ef024fbf35490659d5b87fc4d705d5e152c96a</sha1>
    <format>Metadata</format>
  </file>
  <file name="icla_20250214_meta.xml" source="original">
    <mtime>1739493685</mtime>
    <size>667</size>
    <md5>1902c6f89d8ad77524ce1e9318685694</md5>
    <crc32>3177f540</crc32>
    <sha1>a65a7631e23312b6a2c224e6fc8f35e460021881</sha1>
    <format>Metadata</format>
  </file>
  <file name="software-grant-template-1.pdf" source="original">
    <mtime>1739493687</mtime>
    <size>35437</size>
    <md5>f8b74e935f44c72cefa2997cffb3e962</md5>
    <crc32>8b0dfb6c</crc32>
    <sha1>7df2d7e3e3a036eec9b632b9eb85a2b17621d28c</sha1>
    <format>Text PDF</format>
  </file>
  <file name="software-grant-template.pdf" source="original">
    <mtime>1739493667</mtime>
    <size>35437</size>
    <md5>f8b74e935f44c72cefa2997cffb3e962</md5>
    <crc32>8b0dfb6c</crc32>
    <sha1>7df2d7e3e3a036eec9b632b9eb85a2b17621d28c</sha1>
    <format>Text PDF</format>
  </file>
</files>
