<?xml version="1.0" encoding="UTF-8"?>
<files>
  <file name="R40175 Wind Energy_ Offshore Permitting.djvu" source="derivative">
    <format>DjVu</format>
    <original>R40175 Wind Energy_ Offshore Permitting_djvu.xml</original>
    <mtime>1447375988</mtime>
    <size>250007</size>
    <md5>f3643c72060d4db1651237f067b35914</md5>
    <crc32>39e5aad4</crc32>
    <sha1>637cab244da15f70e07decae5162d242d612f1ec</sha1>
  </file>
  <file name="R40175 Wind Energy_ Offshore Permitting.gif" source="derivative">
    <format>Animated GIF</format>
    <original>R40175 Wind Energy_ Offshore Permitting_jp2.zip</original>
    <mtime>1447375870</mtime>
    <size>68128</size>
    <md5>29814d91c95108d4f8631fd74dc66bb9</md5>
    <crc32>595d6a1f</crc32>
    <sha1>3390417209da7251b5f6ee30b318c9b3fa105adf</sha1>
  </file>
  <file name="R40175 Wind Energy_ Offshore Permitting.pdf" source="original">
    <mtime>1447375818</mtime>
    <size>243428</size>
    <md5>2f66f6121afcebb9c8b0ef597095a326</md5>
    <crc32>5fc6e9e4</crc32>
    <sha1>51459a7e85bc30079d96d9b04422e763773f1db1</sha1>
    <format>Text PDF</format>
  </file>
  <file name="R40175 Wind Energy_ Offshore Permitting_abbyy.gz" source="derivative">
    <format>Abbyy GZ</format>
    <original>R40175 Wind Energy_ Offshore Permitting_jp2.zip</original>
    <mtime>1447375932</mtime>
    <size>602807</size>
    <md5>e2be66142a8a241b5380e67a81c5112b</md5>
    <crc32>4cbe732a</crc32>
    <sha1>6de1b9a265b51d4031fa868f29e56d53d7bfe80b</sha1>
  </file>
  <file name="R40175 Wind Energy_ Offshore Permitting_djvu.txt" source="derivative">
    <format>DjVuTXT</format>
    <original>R40175 Wind Energy_ Offshore Permitting.djvu</original>
    <mtime>1447375999</mtime>
    <size>44045</size>
    <md5>e602a81947f8be05fc7aaed71c84cf85</md5>
    <crc32>ef08a6da</crc32>
    <sha1>91b07bcf8a120397ac6ee2a04e95ab8acf0cc7d3</sha1>
  </file>
  <file name="R40175 Wind Energy_ Offshore Permitting_djvu.xml" source="derivative">
    <format>Djvu XML</format>
    <original>R40175 Wind Energy_ Offshore Permitting_abbyy.gz</original>
    <mtime>1447375950</mtime>
    <size>368940</size>
    <md5>dfa3b2774e331ef3cd398f77aa41d332</md5>
    <crc32>7a81a90e</crc32>
    <sha1>e0a299d8fb04ae0ba9610e5c5b1685ea49b4935a</sha1>
  </file>
  <file name="R40175 Wind Energy_ Offshore Permitting_jp2.zip" source="derivative">
    <format>Single Page Processed JP2 ZIP</format>
    <original>R40175 Wind Energy_ Offshore Permitting.pdf</original>
    <mtime>1447375854</mtime>
    <size>8724876</size>
    <md5>fe9c3d0ff22636e29499fcdad07b2217</md5>
    <crc32>9433012c</crc32>
    <sha1>56e798f456ac609b51b9a62606db42968f98be6e</sha1>
    <filecount>15</filecount>
  </file>
  <file name="R40175 Wind Energy_ Offshore Permitting_scandata.xml" source="derivative">
    <format>Scandata</format>
    <original>R40175 Wind Energy_ Offshore Permitting_djvu.xml</original>
    <mtime>1447375990</mtime>
    <size>4725</size>
    <md5>4a422cac70edbd064d01f8b62f49ba5e</md5>
    <crc32>12ed1800</crc32>
    <sha1>a6745ae99c86e0a431b3c1d1337c8b79ec2d2a49</sha1>
  </file>
  <file name="R40175WindEnergyOffshorePermitting-crs_archive.torrent" source="metadata">
    <btih>6bd0a72642a37ea05cf95fe126bdf872ba7923f9</btih>
    <mtime>1483175837</mtime>
    <size>3702</size>
    <md5>3f247ad144dcc4f4b87493b01e655eaf</md5>
    <crc32>de301db6</crc32>
    <sha1>ddaeed562035f354b1f2d5ad14b61749b945e84a</sha1>
    <format>Archive BitTorrent</format>
  </file>
  <file name="R40175WindEnergyOffshorePermitting-crs_files.xml" source="original">
    <format>Metadata</format>
    <md5>77be87b85f0c61d8fd80c139d222f9f2</md5>
    <summation>md5</summation>
  </file>
  <file name="R40175WindEnergyOffshorePermitting-crs_meta.sqlite" source="original">
    <mtime>1467708629</mtime>
    <size>8192</size>
    <format>Metadata</format>
    <md5>2e388afe4f43b4508d954fdefbed287d</md5>
    <crc32>a2e52964</crc32>
    <sha1>e9f5bd7d612646cb1edaffcce29041bf6ef23126</sha1>
  </file>
  <file name="R40175WindEnergyOffshorePermitting-crs_meta.xml" source="original">
    <mtime>1483175836</mtime>
    <size>1132</size>
    <format>Metadata</format>
    <md5>aade7671f179030b374b46a42889359e</md5>
    <crc32>5d797e08</crc32>
    <sha1>4293ebe72aaf0dc4562a4eaa2498a8a48e50b636</sha1>
  </file>
  <file name="__ia_thumb.jpg" source="original">
    <mtime>1711823432</mtime>
    <size>4790</size>
    <md5>fb91e67e8336647d6cc2314fcf9dc632</md5>
    <crc32>e9438830</crc32>
    <sha1>1f0bc564e04707375a2c80bd1120438635cc8777</sha1>
    <format>Item Tile</format>
  </file>
</files>
