<?xml version="1.0" encoding="UTF-8"?>
<metadata>
  <identifier>R40175WindEnergyOffshorePermitting-crs</identifier>
  <contributor>Michael Best</contributor>
  <creator>Congressional Research Service</creator>
  <description>R40175 Wind Energy  Offshore Permitting</description>
  <language>eng</language>
  <mediatype>texts</mediatype>
  <publisher>FAS</publisher>
  <title>R40175 Wind Energy  Offshore Permitting</title>
  <subject>Congressional Research Service</subject>
  <subject>CRS</subject>
  <subject>Congress</subject>
  <publicdate>2015-11-13 00:50:19</publicdate>
  <uploader>TheMikeBest@gmail.com</uploader>
  <addeddate>2015-11-13 00:50:19</addeddate>
  <identifier-access>http://archive.org/details/R40175WindEnergyOffshorePermitting-crs</identifier-access>
  <identifier-ark>ark:/13960/t6zw56g93</identifier-ark>
  <ppi>300</ppi>
  <ocr>ABBYY FineReader 11.0</ocr>
  <repub_state>4</repub_state>
  <collection>congressional-research-service</collection>
  <collection>nationalsecurityarchive</collection>
  <collection>additional_collections</collection>
  <backup_location>ia905505_1</backup_location>
</metadata>
