<?xml version="1.0" encoding="UTF-8"?>
<metadata>
  <identifier>perma_cc_CFB5-BQCX</identifier>
  <collection>perma_cc</collection>
  <contributor>Perma.cc</contributor>
  <description>Perma.cc archive of https://cleantechnica.com/2017/01/18/trump-tilts-offshore-wind-energy-scotland-gets-last-laugh-maybe/ created on 2017-10-05 17:37:58+00:00.</description>
  <external-identifier>urn:X-perma:CFB5-BQCX</external-identifier>
  <mediatype>web</mediatype>
  <perma_url>http://perma.cc/CFB5-BQCX</perma_url>
  <scanner>Internet Archive Python library 1.0.10</scanner>
  <submitted_url>https://cleantechnica.com/2017/01/18/trump-tilts-offshore-wind-energy-scotland-gets-last-laugh-maybe/</submitted_url>
  <title>CFB5-BQCX: Trump Tilts At Offshore Wind Energy, Scotland G...</title>
  <publicdate>2017-10-06 18:04:47</publicdate>
  <uploader>info@perma.cc</uploader>
  <addeddate>2017-10-06 18:04:47</addeddate>
  <imagecount>318</imagecount>
  <firstfiledate>20171005173802</firstfiledate>
  <lastfiledate>20171005173926</lastfiledate>
  <scandate>20171005173802</scandate>
  <date>2017</date>
  <collection>web</collection>
  <backup_location>ia906507_4</backup_location>
</metadata>
