<?xml version="1.0" encoding="UTF-8"?>
<files>
  <file name="CFB5-BQCX.warc.gz" source="original">
    <mtime>1507313087</mtime>
    <size>10579807</size>
    <md5>29a03f6bf41270ce6878f2e7e204dda4</md5>
    <crc32>f40420a2</crc32>
    <sha1>7a282a2a90f9d97e50af10c144a7d2aad18380d7</sha1>
    <format>Web ARChive GZ</format>
  </file>
  <file name="CFB5-BQCX.warc.os.cdx.gz" source="derivative">
    <format>WARC CDX Index</format>
    <original>CFB5-BQCX.warc.gz</original>
    <mtime>1507313114</mtime>
    <size>36419</size>
    <md5>6cd42ac4ee8c0f49e9e1bd3ed30a56ca</md5>
    <crc32>50421970</crc32>
    <sha1>54e291014d09e69629be117e3690ad4e36eba2cb</sha1>
  </file>
  <file name="perma_cc_CFB5-BQCX.cdx.gz" source="original">
    <mtime>1507313121</mtime>
    <size>36002</size>
    <md5>e2377c38a1f8a5000ebdec768ca39588</md5>
    <crc32>1dcee29e</crc32>
    <sha1>f34cb14c7d4093ef49c1f6ab2cc35a535248681c</sha1>
    <format>Item CDX Index</format>
  </file>
  <file name="perma_cc_CFB5-BQCX.cdx.idx" source="original">
    <mtime>1507313121</mtime>
    <size>35</size>
    <md5>5d8debd3156700f3903080026748c104</md5>
    <crc32>60c7e5ba</crc32>
    <sha1>cefbab95341b3707843870a203257341c42ad34b</sha1>
    <format>Item CDX Meta-Index</format>
  </file>
  <file name="perma_cc_CFB5-BQCX_archive.torrent" source="metadata">
    <btih>488153275203d9500ef34d4e52fa11bd6a4decd5</btih>
    <mtime>1541165612</mtime>
    <size>2612</size>
    <md5>5b4fd968eb83dbb95af5bb9164a5c72d</md5>
    <crc32>abeb8f3f</crc32>
    <sha1>a5087f2305d7d50798e46da6f5e7f125fb78447d</sha1>
    <format>Archive BitTorrent</format>
  </file>
  <file name="perma_cc_CFB5-BQCX_files.xml" source="original">
    <format>Metadata</format>
    <md5>64221fb7ecd9cad5599d698e7b99a5ab</md5>
    <summation>md5</summation>
  </file>
  <file name="perma_cc_CFB5-BQCX_meta.sqlite" source="original">
    <mtime>1507313101</mtime>
    <size>9216</size>
    <md5>297db7ba96efc5d49059930bb9c024af</md5>
    <crc32>4d3353d6</crc32>
    <sha1>70080f0b46a899ad770ade630d2fc115c3148e5b</sha1>
    <format>Metadata</format>
  </file>
  <file name="perma_cc_CFB5-BQCX_meta.xml" source="original">
    <mtime>1541165610</mtime>
    <size>1183</size>
    <format>Metadata</format>
    <md5>df0c0c4d3c5e0fbe294b25c79f86ed65</md5>
    <crc32>3d215c5f</crc32>
    <sha1>01d5b588f200c7b13bb1ea01d1a34a278847c396</sha1>
  </file>
</files>
