<?xml version="1.0" encoding="UTF-8"?>
<files>
  <file name="M23K-N6S7.warc.gz" source="original">
    <mtime>1637514203</mtime>
    <size>3220227</size>
    <md5>b75408e904a38c8c29acf3c3066bb11e</md5>
    <crc32>aefbd37f</crc32>
    <sha1>23a00ecc1f57dda7b9b23ef31b075e8865f0d76c</sha1>
    <format>Web ARChive GZ</format>
  </file>
  <file name="M23K-N6S7.warc.os.cdx.gz" source="derivative">
    <format>WARC CDX Index</format>
    <original>M23K-N6S7.warc.gz</original>
    <mtime>1637514787</mtime>
    <size>6831</size>
    <md5>e229e8b7e9664baa669c6ec5bfbafa8e</md5>
    <crc32>45ee328d</crc32>
    <sha1>1d23abe4765046a9e492039019e1e00a84f1f099</sha1>
  </file>
  <file name="perma_cc_M23K-N6S7.cdx.gz" source="original">
    <mtime>1637514800</mtime>
    <size>6737</size>
    <md5>16816d02dc8c01bebf4dfc3d6d6502fd</md5>
    <crc32>b5bce4d5</crc32>
    <sha1>13c223a6877162d02e9252f1ccb70c89b8ab2607</sha1>
    <format>Item CDX Index</format>
  </file>
  <file name="perma_cc_M23K-N6S7.cdx.idx" source="original">
    <mtime>1637514800</mtime>
    <size>34</size>
    <md5>02a9d70206b74c2fc54d7f68bb894768</md5>
    <crc32>48b3735c</crc32>
    <sha1>d80110219ace318cdd6fb6c464d2619490be3916</sha1>
    <format>Item CDX Meta-Index</format>
  </file>
  <file name="perma_cc_M23K-N6S7_archive.torrent" source="metadata">
    <btih>48040e028673e1c7c4093a512d2a765aa43f5f59</btih>
    <mtime>1637514801</mtime>
    <size>2330</size>
    <md5>fdb673f219d1cfcf83eb67734c28d4f6</md5>
    <crc32>53e77352</crc32>
    <sha1>08c5d19332aa3cfdb3c803c57341a3111c614f47</sha1>
    <format>Archive BitTorrent</format>
  </file>
  <file name="perma_cc_M23K-N6S7_files.xml" source="original">
    <format>Metadata</format>
    <md5>72112050020f33e99ef4e7f484c0e18f</md5>
    <summation>md5</summation>
  </file>
  <file name="perma_cc_M23K-N6S7_meta.sqlite" source="original">
    <mtime>1637514221</mtime>
    <size>20480</size>
    <md5>31d27ad43a03b60f3a9abbc4dfc8b129</md5>
    <crc32>876b49f6</crc32>
    <sha1>46ce78780b925b97ea0b16b2507ab2388609dea9</sha1>
    <format>Metadata</format>
  </file>
  <file name="perma_cc_M23K-N6S7_meta.xml" source="original">
    <mtime>1637514800</mtime>
    <size>1079</size>
    <md5>34a2cf13865b588605ebac054c7fb8a5</md5>
    <crc32>6be1c6ac</crc32>
    <sha1>661d2425dedd17a1d54def78be6f56030ec98385</sha1>
    <format>Metadata</format>
  </file>
</files>
