<?xml version="1.0" encoding="UTF-8"?>
<metadata>
  <identifier>perma_cc_M23K-N6S7</identifier>
  <collection>perma_cc</collection>
  <contributor>Perma.cc</contributor>
  <description>Perma.cc archive of https://www.energy.gov/eere/articles/computing-america-s-offshore-wind-energy-potential created on 2021-11-20 15:48:39+00:00.</description>
  <external-identifier>urn:X-perma:M23K-N6S7</external-identifier>
  <mediatype>web</mediatype>
  <perma_url>https://perma.cc/M23K-N6S7</perma_url>
  <scanner>Internet Archive Python library 2.1.0</scanner>
  <submitted_url>https://www.energy.gov/eere/articles/computing-america-s-offshore-wind-energy-potential</submitted_url>
  <title>M23K-N6S7: Computing America’s Offshore Wind Energy Potentia…</title>
  <uploader>info@perma.cc</uploader>
  <publicdate>2021-11-21 17:03:36</publicdate>
  <addeddate>2021-11-21 17:03:36</addeddate>
  <imagecount>72</imagecount>
  <firstfiledate>20211120154841</firstfiledate>
  <lastfiledate>20211120154844</lastfiledate>
  <scandate>20211120154841</scandate>
  <date>2021</date>
</metadata>
